"CPI All Groups for New Zealand, percentage change (Qrtly-Mar/Jun/Sep/Dec)","",""
"","All groups",""
" ","Percentage change from same period previous year","Percentage change from previous period"
"1925Q4","..",0.3
"1926Q1","..",-0.7
"1926Q2","..",0.4
"1926Q3",0.1,0.1
"1926Q4",-0.6,-0.4
"1927Q1",-0.1,-0.2
"1927Q2",-0.9,-0.4
"1927Q3",-1.4,-0.4
"1927Q4",-0.9,0.1
"1928Q1",-0.7,0.0
"1928Q2",0.2,0.6
"1928Q3",0.2,-0.5
"1928Q4",0.6,0.5
"1929Q1",0.1,-0.6
"1929Q2",-0.7,-0.2
"1929Q3",0.0,0.3
"1929Q4",-0.5,0.0
"1930Q1",-0.6,-0.7
"1930Q2",-1.0,-0.6
"1930Q3",-2.3,-1.0
"1930Q4",-4.0,-1.7
"1931Q1",-6.4,-3.2
"1931Q2",-7.8,-2.0
"1931Q3",-9.1,-2.4
"1931Q4",-7.8,-0.3
"1932Q1",-6.1,-1.5
"1932Q2",-8.1,-4.1
"1932Q3",-7.9,-2.1
"1932Q4",-9.2,-1.8
"1933Q1",-8.9,-1.1
"1933Q2",-5.1,-0.1
"1933Q3",-3.0,0.0
"1933Q4",-0.7,0.5
"1934Q1",0.9,0.5
"1934Q2",2.0,1.0
"1934Q3",1.4,-0.6
"1934Q4",1.3,0.4
"1935Q1",2.7,2.0
"1935Q2",2.8,1.1
"1935Q3",3.8,0.4
"1935Q4",5.6,2.0
"1936Q1",1.7,-1.8
"1936Q2",2.5,1.9
"1936Q3",3.8,1.6
"1936Q4",3.3,1.5
"1937Q1",6.9,1.7
"1937Q2",7.4,2.3
"1937Q3",6.6,0.9
"1937Q4",7.2,2.2
"1938Q1",5.0,-0.4
"1938Q2",3.5,0.8
"1938Q3",2.7,0.1
"1938Q4",0.6,0.1
"1939Q1",2.8,1.7
"1939Q2",3.4,1.4
"1939Q3",4.5,1.2
"1939Q4",7.7,3.1
"1940Q1",4.5,-1.3
"1940Q2",4.7,1.6
"1940Q3",4.7,1.3
"1940Q4",2.7,1.2
"1941Q1",4.2,0.2
"1941Q2",3.9,1.2
"1941Q3",3.0,0.4
"1941Q4",3.8,2.0
"1942Q1",2.3,-1.3
"1942Q2",2.6,1.6
"1942Q3",4.2,1.9
"1942Q4",3.9,1.7
"1943Q1",4.0,-1.2
"1943Q2",2.6,0.3
"1943Q3",1.8,1.1
"1943Q4",1.4,1.3
"1944Q1",1.8,-0.9
"1944Q2",2.0,0.5
"1944Q3",1.7,0.7
"1944Q4",1.5,1.1
"1945Q1",1.7,-0.6
"1945Q2",1.3,0.1
"1945Q3",1.1,0.5
"1945Q4",1.3,1.3
"1946Q1",0.9,-0.9
"1946Q2",1.0,0.2
"1946Q3",1.3,0.8
"1946Q4",-0.2,-0.2
"1947Q1",0.3,-0.4
"1947Q2",0.9,0.7
"1947Q3",1.8,1.7
"1947Q4",10.1,8.0
"1948Q1",10.1,-0.5
"1948Q2",10.6,1.2
"1948Q3",9.5,0.7
"1948Q4",1.6,0.2
"1949Q1",2.1,0.0
"1949Q2",1.1,0.2
"1949Q3",1.6,1.2
"1949Q4",1.8,0.4
"1950Q1",2.0,0.2
"1950Q2",5.0,3.1
"1950Q3",7.2,3.3
"1950Q4",8.5,1.7
"1951Q1",9.9,1.4
"1951Q2",11.1,4.3
"1951Q3",11.0,3.3
"1951Q4",11.9,2.5
"1952Q1",11.8,1.3
"1952Q2",8.6,1.4
"1952Q3",6.4,1.1
"1952Q4",4.6,0.8
"1953Q1",4.3,1.0
"1953Q2",4.1,1.1
"1953Q3",4.1,1.1
"1953Q4",5.6,2.2
"1954Q1",5.4,0.8
"1954Q2",5.9,1.7
"1954Q3",4.9,0.1
"1954Q4",2.4,-0.2
"1955Q1",3.0,1.4
"1955Q2",2.3,1.0
"1955Q3",2.3,0.1
"1955Q4",2.5,0.0
"1956Q1",2.2,1.0
"1956Q2",2.6,1.4
"1956Q3",4.6,2.1
"1956Q4",4.6,0.0
"1957Q1",2.8,-0.8
"1957Q2",2.8,1.4
"1957Q3",1.3,0.7
"1957Q4",1.8,0.5
"1958Q1",2.7,0.1
"1958Q2",2.3,1.0
"1958Q3",6.3,4.6
"1958Q4",6.5,0.6
"1959Q1",6.5,0.2
"1959Q2",5.7,0.3
"1959Q3",2.1,1.1
"1959Q4",1.1,-0.3
"1960Q1",0.5,-0.4
"1960Q2",0.4,0.2
"1960Q3",0.3,0.9
"1960Q4",1.6,1.0
"1961Q1",1.6,-0.4
"1961Q2",1.4,0.0
"1961Q3",2.1,1.5
"1961Q4",2.1,1.0
"1962Q1",2.9,0.3
"1962Q2",3.3,0.3
"1962Q3",2.5,0.7
"1962Q4",2.1,0.7
"1963Q1",1.8,0.1
"1963Q2",1.9,0.4
"1963Q3",1.9,0.7
"1963Q4",2.2,1.0
"1964Q1",2.5,0.4
"1964Q2",3.0,0.9
"1964Q3",3.8,1.5
"1964Q4",4.5,1.6
"1965Q1",4.3,0.2
"1965Q2",3.6,0.2
"1965Q3",3.4,1.3
"1965Q4",2.4,0.7
"1966Q1",2.8,0.7
"1966Q2",3.3,0.6
"1966Q3",2.6,0.6
"1966Q4",2.4,0.5
"1967Q1",4.2,2.5
"1967Q2",6.4,2.7
"1967Q3",7.0,1.1
"1967Q4",6.6,0.1
"1968Q1",5.0,1.0
"1968Q2",3.6,1.3
"1968Q3",3.6,1.2
"1968Q4",5.1,1.5
"1969Q1",5.5,1.4
"1969Q2",5.2,1.1
"1969Q3",5.1,1.0
"1969Q4",4.0,0.4
"1970Q1",4.8,2.2
"1970Q2",5.2,1.5
"1970Q3",6.1,1.8
"1970Q4",10.0,4.1
"1971Q1",10.3,2.5
"1971Q2",11.0,2.2
"1971Q3",11.1,1.9
"1971Q4",9.1,2.2
"1972Q1",8.5,1.9
"1972Q2",7.4,1.2
"1972Q3",6.5,1.1
"1972Q4",5.5,1.2
"1973Q1",6.0,2.4
"1973Q2",7.6,2.8
"1973Q3",8.9,2.3
"1973Q4",10.2,2.4
"1974Q1",10.3,2.5
"1974Q2",10.0,2.4
"1974Q3",11.5,3.7
"1974Q4",12.6,3.3
"1975Q1",13.2,3.1
"1975Q2",14.9,4.0
"1975Q3",14.8,3.6
"1975Q4",15.7,4.1
"1976Q1",17.2,4.4
"1976Q2",17.7,4.5
"1976Q3",17.2,3.2
"1976Q4",15.6,2.8
"1977Q1",13.7,2.6
"1977Q2",14.0,4.8
"1977Q3",14.4,3.5
"1977Q4",15.3,3.6
"1978Q1",14.6,2.0
"1978Q2",12.3,2.6
"1978Q3",11.1,2.5
"1978Q4",10.1,2.6
"1979Q1",10.4,2.3
"1979Q2",12.4,4.5
"1979Q3",15.2,5.0
"1979Q4",16.5,3.8
"1980Q1",18.4,3.9
"1980Q2",17.9,4.1
"1980Q3",16.3,3.6
"1980Q4",16.1,3.6
"1981Q1",15.2,3.1
"1981Q2",15.1,4.0
"1981Q3",15.4,3.9
"1981Q4",15.7,3.9
"1982Q1",15.8,3.2
"1982Q2",17.0,5.0
"1982Q3",16.6,3.6
"1982Q4",15.3,2.7
"1983Q1",12.6,0.8
"1983Q2",8.3,1.0
"1983Q3",5.4,0.8
"1983Q4",3.6,0.9
"1984Q1",3.5,0.7
"1984Q2",4.7,2.2
"1984Q3",7.0,3.0
"1984Q4",9.4,3.2
"1985Q1",13.4,4.4
"1985Q2",16.6,5.1
"1985Q3",16.3,2.7
"1985Q4",15.3,2.3
"1986Q1",13.0,2.3
"1986Q2",10.4,2.7
"1986Q3",11.0,3.3
"1986Q4",18.2,8.9
"1987Q1",18.3,2.3
"1987Q2",18.9,3.3
"1987Q3",16.9,1.6
"1987Q4",9.6,2.1
"1988Q1",9.0,1.8
"1988Q2",6.3,0.8
"1988Q3",5.6,0.9
"1988Q4",4.7,1.2
"1989Q1",4.0,1.1
"1989Q2",4.4,1.2
"1989Q3",7.2,3.5
"1989Q4",7.2,1.2
"1990Q1",7.0,0.9
"1990Q2",7.6,1.8
"1990Q3",5.0,1.0
"1990Q4",4.9,1.1
"1991Q1",4.5,0.6
"1991Q2",2.8,0.1
"1991Q3",2.2,0.4
"1991Q4",1.0,-0.1
"1992Q1",0.8,0.4
"1992Q2",1.0,0.3
"1992Q3",1.0,0.3
"1992Q4",1.3,0.3
"1993Q1",1.0,0.1
"1993Q2",1.3,0.6
"1993Q3",1.5,0.5
"1993Q4",1.4,0.2
"1994Q1",1.3,0.0
"1994Q2",1.1,0.4
"1994Q3",1.8,1.2
"1994Q4",2.8,1.2
"1995Q1",4.0,1.2
"1995Q2",4.6,1.0
"1995Q3",3.5,0.2
"1995Q4",2.9,0.6
"1996Q1",2.2,0.5
"1996Q2",2.0,0.8
"1996Q3",2.4,0.6
"1996Q4",2.6,0.7
"1997Q1",1.8,-0.3
"1997Q2",1.1,0.1
"1997Q3",1.0,0.5
"1997Q4",0.8,0.6
"1998Q1",1.3,0.2
"1998Q2",1.7,0.5
"1998Q3",1.7,0.5
"1998Q4",0.4,-0.8
"1999Q1",-0.1,-0.3
"1999Q2",-0.4,0.2
"1999Q3",-0.5,0.4
"1999Q4",0.5,0.2
"2000Q1",1.5,0.7
"2000Q2",2.0,0.7
"2000Q3",3.0,1.4
"2000Q4",4.0,1.2
"2001Q1",3.1,-0.2
"2001Q2",3.2,0.9
"2001Q3",2.4,0.6
"2001Q4",1.8,0.6
"2002Q1",2.6,0.6
"2002Q2",2.8,1.0
"2002Q3",2.6,0.5
"2002Q4",2.7,0.6
"2003Q1",2.5,0.4
"2003Q2",1.5,0.0
"2003Q3",1.5,0.5
"2003Q4",1.6,0.7
"2004Q1",1.5,0.4
"2004Q2",2.4,0.8
"2004Q3",2.5,0.6
"2004Q4",2.7,0.9
"2005Q1",2.8,0.4
"2005Q2",2.8,0.9
"2005Q3",3.4,1.1
"2005Q4",3.2,0.7
"2006Q1",3.3,0.6
"2006Q2",4.0,1.5
"2006Q3",3.5,0.7
"2006Q4",2.6,-0.2
"2007Q1",2.5,0.5
"2007Q2",2.0,1.0
"2007Q3",1.8,0.5
"2007Q4",3.2,1.2
"2008Q1",3.4,0.7
"2008Q2",4.0,1.6
"2008Q3",5.1,1.5
"2008Q4",3.4,-0.5
"2009Q1",3.0,0.3
"2009Q2",1.9,0.6
"2009Q3",1.7,1.3
"2009Q4",2.0,-0.2
"2010Q1",2.0,0.4
"2010Q2",1.7,0.2
"2010Q3",1.5,1.1
"2010Q4",4.0,2.3
"2011Q1",4.5,0.8
"2011Q2",5.3,1.0
"2011Q3",4.6,0.4
"2011Q4",1.8,-0.3
"2012Q1",1.6,0.5
"2012Q2",1.0,0.3
"2012Q3",0.8,0.3
"2012Q4",0.9,-0.2
"2013Q1",0.9,0.4
"2013Q2",0.7,0.2
"2013Q3",1.4,0.9
"2013Q4",1.6,0.1
"2014Q1",1.5,0.3
"2014Q2",1.6,0.3
"2014Q3",1.0,0.3
"2014Q4",0.8,-0.2
"2015Q1",0.3,-0.2
"2015Q2",0.4,0.4
"2015Q3",0.4,0.3
"2015Q4",0.1,-0.5
"2016Q1",0.4,0.2
"2016Q2",0.4,0.4
"2016Q3",0.4,0.3
"2016Q4",1.3,0.4
"2017Q1",2.2,1.0
"2017Q2",1.7,0.0
"2017Q3",1.9,0.5
"2017Q4",1.6,0.1
"2018Q1",1.1,0.5
"2018Q2",1.5,0.4
"2018Q3",1.9,0.9
"2018Q4",1.9,0.1
"2019Q1",1.5,0.1
"2019Q2",1.7,0.6
"2019Q3",1.5,0.7
"2019Q4",1.9,0.5
"2020Q1",2.5,0.8
"2020Q2",1.5,-0.5
"2020Q3",1.4,0.7
"2020Q4",1.4,0.5
"2021Q1",1.5,0.8
"2021Q2",3.3,1.3
"2021Q3",4.9,2.2
"2021Q4",5.9,1.4
"2022Q1",6.9,1.8
"2022Q2",7.3,1.7
"2022Q3",7.2,2.2
"2022Q4",7.2,1.4
"2023Q1",6.7,1.2
"2023Q2",6.0,1.1
"2023Q3",5.6,1.8
"2023Q4",4.7,0.5
"2024Q1",4.0,0.6
"2024Q2",3.3,0.4
"2024Q3",2.2,0.6
"2024Q4",2.2,0.5
"2025Q1",2.5,0.9
"2025Q2",2.7,0.5
"2025Q3",3.0,1.0
"2025Q4",3.1,0.6
"2026Q1",3.1,0.9
"2026Q2",4.1,1.5
"Table information:"
"Units:"
"Percent, Magnitude = Units"
""
"Footnotes:"
" "
"Symbols:"
".. figure not available"
"C: Confidential"
"E: Early Estimate"
"P: Provisional"
"R: Revised"
"S: Suppressed"
""
"Status flags are not displayed"
""
"Table reference: "
"CPI035AA"
""
"Last updated:"
"21 July 2026 10:45am"
""
"Source: Statistics New Zealand"
"Contact: Information Centre"
"Telephone: 0508 525 525"
"Email:info@stats.govt.nz"
""
""
""
